kind	reserved_from	reserved_through	host	stamp	rev
lessons	1	1990	ZABZ-YOGA	2026-09-17 17:05 UTC	-
wins	204	267	ZABZ-YOGA	2026-09-17 17:26 UTC	-
handoff	485	598	ZABZ-YOGA	2026-09-18 01:54 UTC	-
pain	252	325	ZABZ-YOGA	2026-09-18 01:54 UTC	-
decisions	259	322	ZABZ-YOGA	2026-09-18 01:55 UTC	-
lessons	1991	2054	ZABZ-YOGA	2026-09-18 03:31 UTC	-
lessons	2056	2119	ZABZ-YOGA	2026-09-18 19:13 UTC	-
handoff	601	664	ZABZ-YOGA	2026-09-18 19:14 UTC	-
pain	327	390	ZABZ-YOGA	2026-09-18 19:19 UTC	-
decisions	325	388	ZABZ-YOGA	2026-09-20 02:17 UTC	-
lessons	2120	2183	ZABZ-YOGA	2026-09-20 16:33 UTC	-
wins	2123	2186	ZABZ-YOGA	2026-09-20 16:33 UTC	-
pain	2121	2184	ZABZ-YOGA	2026-09-20 16:33 UTC	-
handoff	2103	2166	ZABZ-YOGA	2026-09-20 16:47 UTC	-
decisions	2093	2156	ZABZ-YOGA	2026-09-20 18:27 UTC	-
handoff	2106	2169	ZABZ-TECH	2026-09-20 18:38 UTC	-
lessons	2126	2247	ZABZ-TECH	2026-09-20 18:39 UTC	-
lessons	2185	2311	ZABZ-YOGA	2026-09-20 18:47 UTC	-
