sms-responder.py	75907	4772f3a6e8d76d0a32a8aecde142b759e3e4b7669b018e2e4152cb76e8668d64
textdecide.py	39034	88fccac8800236708342067edfd22452523130819ed3720c9f06c94f1483a1be
textctx.py	50480	f39efeb79f62023ff786fd916e365b81c6dfbdab6ab0fd9d5ea67ce1e4635781
textsend.py	35042	57c778a69433582bffc6cc337e5c0dc9399dfc0a459f70327a5873457a144445
textstore.py	14765	9d08426e6bc1506163104e205c64cde0ad451b256ac4f875054bb7b2e18990ca
textwork.py	27181	675f6d564b406d6074eb4f79dff41f749a633f89ad9153319cc4db1a9ad02e84
sms-inbox.py	22007	6177eeda2660e4d5bcfd1779f2a3665cd9ffaeb156cac9045520f44f8da2b3e5
promote-owner-texts.py	4328	247231888dab8840e7732db5e0a4b1bade7b13df1c3e10fd156e1f312600f154
mirror-owner-sms.py	8468	2f2e4e26556b34658f17c06425f1e4561b3117d8869ac02f1fe3e43d56a98ba4
work.py	33069	bad6b530490661148cb7f11a23c1b1fdf541e23b48f147d0461e35cd13c5e9cb
shift-report.py	9438	31f1c91382de297c20981774237b1e8f80aa7d1c61125f09aa5df9bc1fd04ad9
wake.py	50949	9a8e31df07784e1eb4f5e6e5c0b7c7f9fdd9317585aed9b5fa76f686fd167480
wake-dispatch.sh	30674	11b6124f8308391b9e3eaebd3472e631d38b2b38cc7b2a79226ef5d42e7f53e1
wake-fanout.sh	8125	e8f3480d8cdd203648753350434f1d4d20666a9fd885f480e8508704fcdcb458
run-wake-sources.sh	2979	00c00c6efd71b21575570f17bf29254bf371d25d4bb2a575ec41815e8f35ac06
sources/project-keepalive.py	33682	35cb250e91a60a5f938a865bcd32d61755eb1825a1900adef530302c2e54b2f8
sources/ledger-keepalive.py	7068	559532ea1a38d3b3d37962db238f3fda1058166159c47309321b36f613eb1fd1
sources/checkout-health.py	48011	5e49a950079b7e2aaf22060bba495685fab546671ba6638c6719af6bd8246cdd
sources/dormant-handoff.py	15450	2c5edcb8bd8f4a8ebc5393d7dd2ba6fcdd04d65a9fe22ff6a5e6f1b4390b807f
sources/wake-tuner.py	43757	f66bb1c33b56292b72e46d1811f09ce53a6ba23908629c7a907772a465559db1
sources/projects.json	22676	3a57ff8ab98bda72905f5298f9705ad7667e2defb3bcbacb3f89a6b64f81592d
