C:\Users\ezabz\Code\chumash-timeline	False	main	7bdfff9	2026-09-30T12:09:03-04:00	origin/main	0	0	0	0	1	11	9		stash@{0}: On agent/chumash-data: wip-katan-rename
C:\Users\ezabz\Code\ha-config	False	main	dabc5ce	2026-09-16T03:22:15Z	origin/main	0	0	0	5	0	1	0	
C:\Users\ezabz\Code\harness-config	False	hk/20260928-journal-utf8-complete	ccb7eac	2026-09-30T13:24:48-04:00	origin/hk/20260928-journal-utf8-complete	0	0	6	7	2	13	3		stash@{0}: autostash
C:\Users\ezabz\Code\harness-config-mesh	True	mesh/placement-nonce-r3-20260919	ef64aee	2026-09-19T21:47:50-04:00	origin/mesh/placement-nonce-r3-20260919	0	0	9	4	2	13	3		stash@{0}: autostash
C:\Users\ezabz\Code\hc-origin-fix	True	fix/origins-proxy-restart-20260919	e2a72ca	2026-09-28T14:43:10-04:00	origin/master	1	361	0	0	2	13	3		stash@{0}: autostash
C:\Users\ezabz\Code\home	False	main	e5af17c	2026-09-30T12:00:41-04:00	origin/main	0	0	1	0	0	1	0	
C:\Users\ezabz\Code\kosher-filter-ai	False	agent/windows-doh-edge-firefox	4270488	2026-09-29T20:09:41-04:00	origin/agent/windows-doh-edge-firefox	0	0	0	0	0	37	19	
C:\Users\ezabz\Code\lpt-flip-phone	False	main	b831f5e0	2026-09-18T12:34:31-04:00	origin/main	0	0	10	7	0	1	0	
C:\Users\ezabz\Code\lpt-hub	False	main	e968266ae	2026-09-30T13:24:33-04:00	origin/main	0	0	0	62	4	5	3		stash@{0}: autostash
C:\Users\ezabz\Code\personal-secretary-mvp	False	master	37a8ae6e	2026-09-30T12:53:59-04:00	origin/master	66	98	10	34	0	23	8	
C:\Users\ezabz\Code\personality-system	False	main	43bcf28	2026-09-15T18:19:34-04:00	origin/main	0	0	0	0	0	14	12	
C:\Users\ezabz\Code\phone and tech revenue and ads	False	main	9b89fe2	2026-08-11T23:12:02-04:00	origin/main	0	0	0	0	0	1	0	
C:\Users\ezabz\Code\phone-and-tech-full	False	project-keepalive/lpt-integrate-136-chain-20260930	d352362ce	2026-09-30T13:18:00-04:00	origin/test	0	0	0	0	1	347	37	;	stash@{0}: On test: keepalive-preserve-20260922-prior-session
C:\Users\ezabz\Code\quickbooks-agent	False	main	f80b05e	2026-08-24T13:03:42-04:00	origin/main	0	0	0	0	0	1	0	
C:\Users\ezabz\Code\reports	False	master	5cda3aa	2026-09-15T09:54:40-04:00			1	0	0	1	1	
C:\Users\ezabz\Code\tesla-lin-chip	False	master	f41d405	2026-07-03T14:52:31-04:00	origin/master	0	0	0	0	0	1	0	
C:\Users\ezabz\Code\xiao-lin-bench	False	master	f41d405	2026-07-03T14:52:31-04:00	origin/master	0	0	0	0	0	1	0	
C:\Users\ezabz\Code\yitzchak-zabrowsky	False	master	9308218	2026-06-18T02:24:03-04:00	origin/master	0	0	0	0	0	1	0	
C:\Users\ezabz\Code\_chumash_build	True	agent/chumash-deploy	01332b9	2026-09-15T18:09:25-04:00			30	0	1	11	9		stash@{0}: On agent/chumash-data: wip-katan-rename
C:\Users\ezabz\Code\_fleet_p1evidence	True	HEAD	2310bf8	2026-09-29T14:33:29-04:00			0	0	2	13	3		stash@{0}: autostash
C:\Users\ezabz\Code\_fleet_p1experiment	True	HEAD	77bfae1	2026-09-29T14:46:56-04:00			0	0	2	13	3		stash@{0}: autostash
C:\Users\ezabz\Code\_fleet_p1taxonomy	True	HEAD	24cd5b9	2026-09-29T14:28:57-04:00			0	0	2	13	3		stash@{0}: autostash
C:\Users\ezabz\Code\_fleet_p2broker	True	HEAD	c71449b	2026-09-29T14:37:18-04:00			0	0	2	13	3		stash@{0}: autostash
C:\Users\ezabz\Code\_fleet_p2children	True	HEAD	880dcea	2026-09-29T14:39:46-04:00			0	0	2	13	3		stash@{0}: autostash
C:\Users\ezabz\Code\_cfo-fleet\ws3	False	fleet/ws3-classify	40eb15b	2026-09-20T11:32:28-04:00			1	0	0	2	1	
C:\Users\ezabz\Code\_cfo-fleet\ws4	False	fleet/ws4-accounting	f6d25b8	2026-09-20T11:32:29-04:00			1	0	0	2	1	
C:\Users\ezabz\Code\_cfo-fleet\ws8	False	fleet/ws8-report	bf662c8	2026-09-20T11:32:29-04:00			0	1	0	2	1	
C:\Users\ezabz\Code\_fleet\lpt-a2p	True	lpt/a2p-migration-20260925	9f2e6dff3	2026-09-25T00:53:19-04:00	origin/lpt/a2p-migration-20260925	0	0	0	0	1	347	37	;	stash@{0}: On test: keepalive-preserve-20260922-prior-session
C:\Users\ezabz\Code\_fleet\lpt-base	False	test	9c1267fd6	2026-09-23T10:21:04-04:00	origin/test	0	269	0	0	0	6	1	
C:\Users\ezabz\Code\_fleet\lpt-charge	True	lpt/charge-sale-20260925	f7de90a5e	2026-09-25T11:53:15-04:00	origin/test	0	165	1	1	0	5	0	
C:\Users\ezabz\Code\_fleet\lpt-cust-polish	True	lpt/customers-polish-20260925	cf28a1cc9	2026-09-25T00:46:07-04:00			0	0	0	6	1	
C:\Users\ezabz\Code\_fleet\lpt-cust-ui	True	lpt/customers-ui-20260925	c333338ec	2026-09-25T01:50:05-04:00	origin/test	0	171	0	0	0	5	0	
C:\Users\ezabz\Code\_fleet\lpt-cust-ui2	True	lpt/cust-ui2-20260925	f7de90a5e	2026-09-25T11:53:15-04:00	origin/test	0	165	0	1	0	6	1	
C:\Users\ezabz\Code\_fleet\lpt-customers	True	lpt/customers-20260923	a8c748e20	2026-09-24T22:46:36-04:00	origin/lpt/customers-20260923	0	0	0	0	1	347	37	;	stash@{0}: On test: keepalive-preserve-20260922-prior-session
C:\Users\ezabz\Code\_fleet\lpt-fieldusage	True	lpt/field-usage-20260925	8ac438b4f	2026-09-25T11:58:16-04:00	origin/test	0	168	0	0	1	347	37	;	stash@{0}: On test: keepalive-preserve-20260922-prior-session
C:\Users\ezabz\Code\_fleet\lpt-hours	True	lpt/shop-hours-20260925	a8a8a6f85	2026-09-25T00:54:49-04:00	origin/lpt/shop-hours-20260925	0	0	0	0	0	6	1	
C:\Users\ezabz\Code\_fleet\lpt-hub-ui	True	lpt/workorders-hub-ui-20260925	c333338ec	2026-09-25T01:50:05-04:00	origin/test	0	171	1	4	0	6	1	
C:\Users\ezabz\Code\_fleet\lpt-hub-ui2	True	lpt/hub-ui2-20260925	bd891c83d	2026-09-25T11:56:11-04:00	origin/lpt/hub-ui2-20260925	0	0	0	0	0	5	0	
C:\Users\ezabz\Code\_fleet\lpt-phone-settings	True	lpt/phone-settings-20260925	79523ba6a	2026-09-24T23:59:25-04:00	origin/lpt/phone-settings-20260925	0	0	0	0	1	347	37	;	stash@{0}: On test: keepalive-preserve-20260922-prior-session
C:\Users\ezabz\Code\_fleet\lpt-price-ui	True	lpt/pricing-ui-20260925	f7de90a5e	2026-09-25T11:53:15-04:00	origin/test	0	165	1	1	0	5	0	
C:\Users\ezabz\Code\_fleet\lpt-pricing-map	True	lpt/pricing-map-20260925	6099771c6	2026-09-25T11:51:54-04:00	origin/lpt/pricing-map-20260925	0	0	0	0	1	347	37	;	stash@{0}: On test: keepalive-preserve-20260922-prior-session
C:\Users\ezabz\Code\_fleet\lpt-relogin	True	lpt/relogin-20260923	d9498bef6	2026-09-23T10:28:49-04:00	origin/lpt/relogin-20260923	0	0	0	0	0	6	1	
C:\Users\ezabz\Code\_fleet\lpt-schema	True	lpt/schema-cleanup-20260925	cf28a1cc9	2026-09-25T00:46:07-04:00			0	0	1	347	37	;	stash@{0}: On test: keepalive-preserve-20260922-prior-session
C:\Users\ezabz\Code\_fleet\lpt-settings	True	lpt/settings-20260923	4405e133d	2026-09-24T23:36:25-04:00	origin/lpt/settings-20260923	0	0	0	0	1	347	37	;	stash@{0}: On test: keepalive-preserve-20260922-prior-session
C:\Users\ezabz\Code\_fleet\lpt-settings-routes	True	lpt/settings-routes-20260925	84370975b	2026-09-24T23:38:11-04:00	origin/lpt/settings-routes-20260925	0	0	0	0	1	347	37	;	stash@{0}: On test: keepalive-preserve-20260922-prior-session
C:\Users\ezabz\Code\_fleet\lpt-shell	True	lpt/shell-clean-20260923	43a3058e8	2026-09-24T22:20:06-04:00	origin/lpt/shell-clean-20260923	0	0	0	0	1	347	37	;	stash@{0}: On test: keepalive-preserve-20260922-prior-session
C:\Users\ezabz\Code\_fleet\lpt-workorders	True	lpt/workorders-simplify-20260923	b6825aeef	2026-09-24T22:45:01-04:00	origin/lpt/workorders-simplify-20260923	0	0	0	1	1	347	37	;	stash@{0}: On test: keepalive-preserve-20260922-prior-session
C:\Users\ezabz\Code\_fleet\phone-and-tech-full	False	test	c333338ec	2026-09-25T01:50:05-04:00	origin/test	0	171	10827	0	0	5	0	
C:\Users\ezabz\Code\_fleet\waze-billing	True	waze/stripe-metered-billing	03df5467f	2026-09-22T05:00:28-04:00	origin/test	0	337	0	0	1	347	37	;	stash@{0}: On test: keepalive-preserve-20260922-prior-session
C:\Users\ezabz\Code\_fleet\waze-ledger	True	waze/usage-ledger	8b009bcf	2026-09-22T04:49:46-04:00	origin/master	1	2	0	1	0	23	8	
C:\Users\ezabz\Code\_fleet\waze-store	True	waze/storefront-checkout	6e5e2f81f	2026-09-22T05:04:16-04:00	origin/test	0	337	0	0	1	347	37	;	stash@{0}: On test: keepalive-preserve-20260922-prior-session
C:\Users\ezabz\Code\_fleet2\txt-context	True	fleet/txt-context	468641b	2026-09-20T12:19:57-04:00	origin/master	0	352	0	0	2	13	3		stash@{0}: autostash
C:\Users\ezabz\Code\_fleet2\txt-decide	True	fleet/txt-decide	468641b	2026-09-20T12:19:57-04:00	origin/master	0	352	0	0	2	13	3		stash@{0}: autostash
C:\Users\ezabz\Code\_fleet2\txt-send	True	fleet/txt-send	468641b	2026-09-20T12:19:57-04:00	origin/master	0	352	0	0	2	13	3		stash@{0}: autostash
C:\Users\ezabz\Code\_fleet2\txt-store	True	fleet/txt-store	468641b	2026-09-20T12:19:57-04:00	origin/master	0	352	0	0	2	13	3		stash@{0}: autostash
C:\Users\ezabz\Code\_fleet2\txt-work	True	fleet/txt-work	468641b	2026-09-20T12:19:57-04:00	origin/master	0	352	0	0	2	13	3		stash@{0}: autostash
C:\Users\ezabz\Code\_worktrees\fleet-api-url	True	fix/fleet-api-base-url	827cebea	2026-09-15T16:49:31-04:00	origin/master	2	17	0	0	0	23	8	
C:\Users\ezabz\Code\_worktrees\hc-sync-20260920	True	reconcile/hc-master-20260920	905097e	2026-09-20T12:57:19-04:00			3	0	2	13	3		stash@{0}: autostash
C:\Users\ezabz\Code\_worktrees\lpt-audit	True	audit/lpt-account-2026-09-15	1becee7c4	2026-09-15T18:40:52-04:00			0	0	1	347	37	;	stash@{0}: On test: keepalive-preserve-20260922-prior-session
C:\Users\ezabz\Code\_worktrees\lpt-guard-print	True	agent/guard-print	28efdec8f	2026-09-15T15:07:42-04:00			0	0	1	347	37	;	stash@{0}: On test: keepalive-preserve-20260922-prior-session
C:\Users\ezabz\Code\_worktrees\lpt-guard-smartfields	True	agent/guard-smartfields	de85743ac	2026-09-15T15:06:28-04:00			0	0	1	347	37	;	stash@{0}: On test: keepalive-preserve-20260922-prior-session
C:\Users\ezabz\Code\_worktrees\lpt-guard-systemlog	True	agent/guard-systemlog	e123622a7	2026-09-15T15:06:29-04:00			0	0	1	347	37	;	stash@{0}: On test: keepalive-preserve-20260922-prior-session
C:\Users\ezabz\Code\_worktrees\lpt-guard-ui	True	agent/guard-ui	3ee62968f	2026-09-15T15:07:00-04:00			0	0	1	347	37	;	stash@{0}: On test: keepalive-preserve-20260922-prior-session
C:\Users\ezabz\Code\_worktrees\lpt-guard-ui2	True	agent/guard-ui2	eb88a0299	2026-09-15T15:31:53-04:00			1	0	1	347	37	;	stash@{0}: On test: keepalive-preserve-20260922-prior-session
C:\Users\ezabz\Code\_worktrees\lpt-portal-ui	True	fix/portal-ui-robustness	b82d9c2e8	2026-09-15T18:43:35-04:00			0	0	1	347	37	;	stash@{0}: On test: keepalive-preserve-20260922-prior-session
C:\Users\ezabz\Code\_worktrees\lpt-walkin-hours	True	fix/walkin-hours-20260916	5adc55903	2026-09-15T17:17:34-04:00	origin/fix/walkin-hours-20260916	0	1	0	0	1	347	37	;	stash@{0}: On test: keepalive-preserve-20260922-prior-session
C:\Users\ezabz\Code\_worktrees\psm-fleet-honesty	True	fix/fleet-dashboard-honesty	b6f8eb98	2026-09-15T17:50:44-04:00			0	0	0	23	8	
C:\Users\ezabz\Code\_worktrees\psm-fleet-liveness	True	fix/fleet-api-liveness-fields	980783a8	2026-09-15T17:37:33-04:00	origin/master	1	12	0	0	0	23	8	
C:\Users\ezabz\Code\_worktrees\psm-proxy-auth	True	fix/proxy-auth	8bfb4cad	2026-09-15T17:56:43-04:00	origin/master	1	12	0	0	0	23	8	
C:\Users\ezabz\Code\_worktrees\psm-w1	True	agent/w1-truth	b2a41e87	2026-09-15T16:27:51-04:00	@{u}			1	44	0	23	8	
C:\Users\ezabz\Code\_worktrees\psm-w2	True	agent/w2-conns	04689550	2026-09-15T16:48:43-04:00	@{u}			1	37	0	23	8	
C:\Users\ezabz\Code\_worktrees\psm-w3	True	agent/w3-cost	f6ac95bf	2026-09-15T16:40:16-04:00	@{u}			0	33	0	23	8	
C:\Users\ezabz\Code\_worktrees\psm-w4	True	agent/w4-generators	79fe326d	2026-09-15T16:14:58-04:00	@{u}			0	39	0	23	8	
C:\Users\ezabz\Code\_worktrees\psm-w5	True	agent/w5-stall	d1520df8	2026-09-15T16:25:53-04:00	@{u}			0	46	0	23	8	
C:\Users\ezabz\Code\_worktrees\psm-w6	True	agent/w6-ignition	0331ac70	2026-09-15T16:23:55-04:00	@{u}			0	35	0	23	8	
C:\Users\ezabz\Code\_worktrees\psm-waze-stuck	True	fix/waze-stuck-device-alert	8169f31e	2026-09-15T17:00:32-04:00			0	0	0	23	8	
C:\Users\ezabz\Code\_worktrees\psm-waze-stuck-baseline	True	HEAD	d025e1e5	2026-09-15T16:50:20-04:00			0	1	0	23	8	
