path	branch	head	headDate	upstream	ahead	behind	dirty	untracked	stashes	branches	remotes	fetchExit
/home/zabz/bin	master	e9b99f4	2026-09-30T16:58:24Z	origin/master	1	0	5	3	0	1	origin,	0
/home/zabz/ceo-kernel	main	c1f6082	2026-09-25T04:44:18Z	origin/main	0	0	2	1	0	1	origin,	0
/home/zabz/checkout-health-test	HEAD	e02538f	2026-09-28T13:11:19-04:00				1	0	0	1	origin,	0
/home/zabz/code/_fleet_p1seam	agent/p1seam-local	f6182fa	2026-09-29T18:23:34Z				0	0	0	4	origin,	0
/home/zabz/code/harness-config	agent/housekeeping-wake-sources-sync	fb2642e	2026-09-30T17:26:39Z	origin/agent/housekeeping-wake-sources-sync	0	0	0	8	0	4	origin,	0
/home/zabz/code/home	main	efc6392	2026-09-30T04:20:46Z	origin/main	0	7	0	0	0	1	authority,origin,	0
/home/zabz/code/unified-search	main	bad1d9a	2026-09-17T09:19:11-04:00	origin/main			0	0	0	2	origin,	128
/home/zabz/_converge-all-20260930T170223Z	integrate/all-20260930T170223Z	1b921d7	2026-09-30T17:04:13Z	origin/integrate/authority-master-20260930T161751Z	81	0	0	0	0	2	origin,	0
/home/zabz/_converge-authority-20260930T161751Z	integrate/authority-master-20260930T161751Z	3cd9f81	2026-09-30T16:18:23Z	origin/master	0	81	1	0	0	2	origin,	0
/home/zabz/_fcwt/probe	fc/probe	75fb1562	2026-09-30T15:03:55Z				0	1	16	41	origin,	0
/home/zabz/ha-config-live	main	dabc5ce	2026-09-16T03:22:15Z	origin/main	0	0	2	0	0	1	origin,	0
/home/zabz/ha-config-live.partial	HEAD						0	0	0	0		0
/home/zabz/harness-config.bak-20260915T0200Z	master	5f59cee	2026-09-15T01:04:39Z	origin/master	12	806	5	2	0	3	origin,	0
/home/zabz/harness-config.pre-unify-20260922	master	b7885ca	2026-09-28T14:39:59-04:00	origin/master	0	167	0	0	0	5	origin,	0
/home/zabz/hc-fork-lab-20260917T033457Z	reconcile/lab	4e5b947	2026-09-17T03:35:05Z				0	0	0	5	origin,	0
/home/zabz/int27-wt	integrate/main-27	d41b1d7da	2026-09-28T21:14:24Z	origin/integrate/main-27	0	0	0	0	0	17	origin,	0
/home/zabz/int28-wt	integrate/main-28	2e799e852	2026-09-28T21:19:44Z	origin/integrate/main-28	0	0	0	0	0	17	origin,	0
/home/zabz/item4-wt	fix/lpt4-audit-exit-contract	0f217b7f2	2026-09-28T21:31:18Z	origin/fix/lpt4-audit-exit-contract	0	0	0	0	0	17	origin,	0
/home/zabz/lpt51-wt	fix/lpt51-record-lf-docs	8eb9d1525	2026-09-28T21:08:52Z	origin/fix/lpt51-record-lf-docs	0	0	0	0	0	17	origin,	0
/home/zabz/lpt60-wt	fix/lpt60-crlf-docs	9488564a7	2026-09-28T21:12:45Z	origin/fix/lpt60-crlf-docs	0	0	0	0	0	17	origin,	0
/home/zabz/lpt68-wt	fix/lpt68-dialpad-reverse	2624cbe62	2026-09-29T10:29:28Z	origin/fix/lpt68-dialpad-reverse	0	0	0	0	0	17	origin,	0
/home/zabz/lpt-books	master	e459039	2026-09-30T16:07:49Z	origin/master	0	0	0	0	0	1	origin,	0
/home/zabz/personal-secretary-mvp	hk/20260929-w10-seed-bc28-date	d6e775f8	2026-09-30T16:55:46Z	origin/hk/20260929-w10-seed-bc28-date	6	0	4	17	16	41	origin,	0
/home/zabz/phone/live-voice-dialer	main	0cc314f	2026-09-18T21:57:39Z	origin/main	0	0	0	0	0	1	origin,	0
/home/zabz/repos/chumash-timeline	main	7bdfff9	2026-09-30T12:09:03-04:00	origin/main	0	0	0	0	0	1	origin,	0
/home/zabz/repos/ha-config	main	24044a0	2026-08-18T19:19:45-04:00	origin/main	0	34	0	0	0	1	origin,	0
/home/zabz/repos/kosher-filter-ai	main	5afd6e3	2026-09-28T14:58:39-04:00	origin/main	0	0	0	1	1	2	origin,	0
/home/zabz/repos/kyocera-escalator	main	8a3314574	2026-02-03T00:07:42-05:00	origin/main	0	0	0	0	0	1	origin,	0
/home/zabz/repos/lpt-flip-phone	main	5ca50797	2026-08-13T16:43:46-04:00	origin/main	0	7	0	0	0	1	origin,	0
/home/zabz/repos/lpt-hub	HEAD	51f492ca6	2026-09-30T12:41:10-04:00				11	6	0	17	origin,	0
/home/zabz/repos/personality-test	agent/model-chain-skip-dead-rung	19707c2	2026-09-29T01:54:20-04:00	origin/agent/model-chain-skip-dead-rung	0	0	0	0	0	3	origin,	0
/home/zabz/repos/phone-and-tech-full	project-keepalive/lpt-target-total-parse-136	7b39357c4	2026-09-30T16:40:09Z	origin/project-keepalive/lpt-target-total-parse-136	0	0	1	0	0	17	origin,	0
/home/zabz/repos/quickbooks-agent	fix/hk127-posted-date-fallback	430bcdf	2026-09-29T17:51:19Z	origin/fix/hk127-posted-date-fallback	0	0	0	0	0	7	origin,	0
/home/zabz/repos/research-knowledge-base	master	7c3e7a4	2026-02-25T13:59:35-05:00	origin/master	0	0	0	0	0	1	origin,	0
/home/zabz/_scratch/int-17-690148	integrate/broker-channel-20260928	157d4ca	2026-09-28T19:32:22Z	origin/integrate/broker-channel-20260928	0	0	0	0	1	2	origin,	0
/home/zabz/_verify2	HEAD	33c35516	2026-09-28T16:23:51-04:00				0	0	16	41	origin,	0
/home/zabz/_verify_base	HEAD	18b30d39	2026-09-28T04:33:57Z				0	0	16	41	origin,	0
/home/zabz/_verify_co_20260928	HEAD	6168f366	2026-09-28T14:07:25-04:00				0	1	16	41	origin,	0
/home/zabz/_worktrees/lpt-dialpad-fallback	fix/dialpad-webhook-fallback	f4e9e042	2026-09-22T00:32:40Z				0	1	16	41	origin,	0
/home/zabz/worktrees/monitor-label	agent/monitor-label	ac26eb04	2026-09-18T02:11:07Z				0	1	16	41	origin,	0
/home/zabz/_worktrees/owner-message-dedupe	fix/owner-message-volatile-dedupe	080d329c	2026-09-22T00:32:37Z				0	1	16	41	origin,	0
/home/zabz/_worktrees/p30-baseline-master	HEAD	5bf31461	2026-09-17T13:19:09Z				0	0	16	41	origin,	0
/home/zabz/_worktrees/p30-baseline-rescue	HEAD	d9b33c9b	2026-09-17T16:10:07Z				0	0	16	41	origin,	0
/home/zabz/_worktrees/prod-db-sync-30	integrate/master-30	076c89c5	2026-09-28T23:43:28Z	origin/integrate/master-30	0	0	4	0	16	41	origin,	0
/home/zabz/_worktrees/prod-db-sync-31	integrate/master-31	ea04c07e	2026-09-29T03:00:19Z	origin/master	118	2	0	0	16	41	origin,	0
/home/zabz/_worktrees/prod-db-sync-32	integrate/master-32	7653b72c	2026-09-29T07:24:59Z				0	0	16	41	origin,	0
/home/zabz/_worktrees/prod-db-sync-43	HEAD	7d8dd160	2026-09-25T20:07:03Z				0	0	16	41	origin,	0
/home/zabz/_worktrees/reminder-dedupe	fix/reminder-dedupe	45c87679	2026-09-22T00:53:06Z				0	0	16	41	origin,	0
/home/zabz/_wt/pii-redaction	fix/pii-redaction-ingest	631c85c6	2026-09-20T07:55:01Z	origin/fix/pii-redaction-ingest	0	0	0	0	16	41	origin,	0
bash: line 30: $'\r': command not found