# THE 2026-09-17/JOURNAL ID RENUMBER MAP — this machine's lineage moved, origin's did not.
# Generated by docs/mesh/107-journal-convergence.md's procedure. Machine-readable: tab-separated.
# Rule applied: origin/master keeps every contested id; THIS machine's conflicting entry moves.
# Every new id was allocated by `journal.py append --body-file` over entries/ + index + log/**
# + the flats + every origin ref, and checked against the other machine's preserved unpushed
# snapshot, so no new id is one the other machine already holds.
# old_id	new_id	kind	contested_with	old_file(kept in commit 622876e and in archive)	other_host	old_heading	new_heading	body_sha256	verdict
D252	D256	decisions	other-machine-unpushed	journal/entries/decisions/D252.md	ZABZ-YOGA	**D252 · 2026-09-17 · zabz-tech-linux v1 restored to true; the duplicate mesh-dispatch node table replaced by a view of the shared one.**	**D256 · 2026-09-17 · zabz-tech-linux v1 restored to true; the duplicate mesh-dispatch node table replaced by a view of the shared one.**	a0aacfb40ab39a24f401a22f2d9c5bb30e24ee6da0da6e031baaa71dcb75a493	PASS	
D253	D257	decisions	other-machine-unpushed	journal/entries/decisions/D253.md	ZABZ-YOGA	**D253 · 2026-09-17 · Broker-driven placement is committed, and a row may never precede its code.**	**D257 · 2026-09-17 · Broker-driven placement is committed, and a row may never precede its code.**	ca0a90e34fda5f42fc5a8046e5ef2d8c22eb5be2d63d223245100a3696d626a4	PASS	
D254	D258	decisions	origin/master	journal/entries/decisions/D254.md	ZABZ-YOGA	**D254 · 2026-09-17 · Repair the junction from inside ssh; refuse the restart; leave 106 uncommitted.**	**D258 · 2026-09-17 · Repair the junction from inside ssh; refuse the restart; leave 106 uncommitted.**	71a385693677a43e2b63a0975f717db580eeedbe36cb8baf9a55a1ddaf816c8e	PASS	
H464	H480	handoff	origin/master	journal/entries/handoff/H464.md	ZABZ-YOGA	## 2026-09-17 14:52 UTC · ZABZ-YOGA · LPT full build COMPLETE AND PUSHED: integration/lpt-20260916, allowlist GAP closed, login proven	## 2026-09-17 14:52 UTC · ZABZ-YOGA · LPT full build COMPLETE AND PUSHED: integration/lpt-20260916, allowlist GAP closed, login proven	c06883448a6963005e37915f32271830401d82eea2f5bdeda7a133cca04b5ae8	PASS	
H465	H481	handoff	origin/master	journal/entries/handoff/H465.md	ZABZ-YOGA	## 2026-09-17 15:04 UTC · ZABZ-YOGA · 104: the linux node is enabled and the second node table is gone	## 2026-09-17 15:04 UTC · ZABZ-YOGA · 104: the linux node is enabled and the second node table is gone	1d1a59bd2c14fcbab38ccc3ad476f8b2f692ae0b19151dc6de8bc4ddf5f5b3c8	PASS	
H466	H482	handoff	origin/master	journal/entries/handoff/H466.md	ZABZ-YOGA	## 2026-09-17 15:08 UTC · ZABZ-YOGA · Fishman case record pushed to lpt-hub origin; duplicate file deleted; customer still unanswered	## 2026-09-17 15:08 UTC · ZABZ-YOGA · Fishman case record pushed to lpt-hub origin; duplicate file deleted; customer still unanswered	351e615ec13f21c4460d4b05deaa77e50b34e3dbbc626ae70e2a70f84e229168	PASS	
H467	H483	handoff	other-machine-unpushed	journal/entries/handoff/H467.md	ZABZ-YOGA	## 2026-09-17 15:28 UTC · ZABZ-YOGA · H467	## 2026-09-17 15:28 UTC · ZABZ-YOGA · H467	1d44fdcd5fbc19f67f0dd37aa66c9add147e53765bffcacc12afa2644637e54b	FAIL	# NOTE H467->H483: the source entry's heading title was the literal placeholder string 'H467', so H483's heading still ends '· H467'. Marker, filename and folder all say H483; the body is byte-identical; correcting the title would mint a second id for one entry.
H468	H484	handoff	other-machine-unpushed	journal/entries/handoff/H468.md	ZABZ-YOGA	## 2026-09-17 16:01 UTC · ZABZ-YOGA · The desktop's junction is repaired from an ssh context; its engine is still pre-placement and cannot ssh to itself	## 2026-09-17 16:01 UTC · ZABZ-YOGA · The desktop's junction is repaired from an ssh context; its engine is still pre-placement and cannot ssh to itself	3e6e509b8268c0906f1aa571dc227c820d3d9c4e9c4d8cd71199a2c9f9cda269	PASS	
L1906	L1920	lessons	origin/master	journal/entries/lessons/L1906.md	ZABZ-YOGA	**L1906 · A node capability must live in ONE module: the same rotted path was fixed in one package and left in another**	**L1920 · A node capability must live in ONE module: the same rotted path was fixed in one package and left in another**	5d0c900ba378038746c70234a4f431c61824107288886d014d3adca2c83328bf	PASS	
L1907	L1921	lessons	origin/master	journal/entries/lessons/L1907.md	ZABZ-YOGA	**L1907 · Junction-mounted packages resolve relative imports against the checkout, and bare node --test in plugin-mesh-http runs the measurement rigs**	**L1921 · Junction-mounted packages resolve relative imports against the checkout, and bare node --test in plugin-mesh-http runs the measurement rigs**	e8351bbc658906e6ebe4bd892475aa11193fd7f8ee54357f0647d3d94d775595	PASS	
L1908	L1922	lessons	origin/master	journal/entries/lessons/L1908.md	ZABZ-YOGA	**L1908 · A child's MESH-HOST line is a claim, not a measurement; a roster capability must name what revokes it**	**L1922 · A child's MESH-HOST line is a claim, not a measurement; a roster capability must name what revokes it**	6645253c5b104ac2c826109fca44fdd743b58c99e89dfdb3961ae512056a75b7	PASS	
L1909	L1923	lessons	origin/master	journal/entries/lessons/L1909.md	ZABZ-YOGA	**L1909 · Correction to L1896: the  is MDRepairs' non-refundable down payment, and check origin before writing a case file**	**L1923 · Correction to L1896: the  is MDRepairs' non-refundable down payment, and check origin before writing a case file**	4989f01042c7dc9d56819cd848b40a206912b43068a7ebb218087bd42b2b5590	PASS	
L1910	L1924	lessons	other-machine-unpushed	journal/entries/lessons/L1910.md	ZABZ-YOGA	**L1910 · Windows: copying a profile node_modules duplicates junctions and silently tests an older plugin**	**L1924 · Windows: copying a profile node_modules duplicates junctions and silently tests an older plugin**	6e5de04f31719777fd6be2c8919fb8f1e95481def4ca87c018a0c08a9b9bead0	PASS	
L1911	L1925	lessons	other-machine-unpushed	journal/entries/lessons/L1911.md	ZABZ-YOGA	**L1911 · The untrusted-mount-point discriminator is the reparse point's ACL OWNER, not the reader or the creator**	**L1925 · The untrusted-mount-point discriminator is the reparse point's ACL OWNER, not the reader or the creator**	c7844017bf73e0ec00883145b897fe106ccdf2e8c0cf6c9cf991066e94a19057	PASS	
L1912	L1926	lessons	other-machine-unpushed	journal/entries/lessons/L1912.md	ZABZ-YOGA	**L1912 · A profile check is evidence only for the logon class that ran it - --dump-config names no class**	**L1926 · A profile check is evidence only for the logon class that ran it - --dump-config names no class**	a989d94a3dd8838f279f1799b745a2ba3fede3410a79f32b2122974e6e27ea17	PASS	
P242	P249	pain	origin/master	journal/entries/pain/P242.md	ZABZ-YOGA	## P242 — A child that runs on zabz-tech-linux and delegates further dies MISSING_CREDENTIAL (open, same class as 102)	## P249 — A child that runs on zabz-tech-linux and delegates further dies MISSING_CREDENTIAL (open, same class as 102)	297b21d6d9f73b9cea49d591faebee88609a045cd3e7135f5d10d92067df86bd	PASS	
P244	P250	pain	origin/master	journal/entries/pain/P244.md	ZABZ-YOGA	## P244 — zabz-tech boots a 0.1.0 provider plugin behind an untraversable junction, and --dump-config cannot see it	## P250 — zabz-tech boots a 0.1.0 provider plugin behind an untraversable junction, and --dump-config cannot see it	20019a3a1ce9b2917c71d2b7e7cd207ca644694a89f5b09a10381c3296024f2a	PASS	
P246	P251	pain	other-machine-unpushed	journal/entries/pain/P246.md	ZABZ-YOGA	## P246 — zabz-tech cannot ssh to itself, so a child placed on the broker's favourite node dies at 255 in 108ms	## P251 — zabz-tech cannot ssh to itself, so a child placed on the broker's favourite node dies at 255 in 108ms	418d1688f507063840799e896e15ce11639545b54404493638245bb86a6d3ada	PASS	
