old	new
D153	D185
D154	D186
D155	D187
D156	D188
D157	D189
D158	D190
H228	H322
H229	H323
H230	H324
H231	H325
H232	H326
H233	H327
H234	H328
H235	H329
H236	H330
H237	H331
H238	H332
H239	H333
H240	H334
H241	H335
H242	H336
H243	H337
H244	H338
H245	H339
H246	H340
H247	H341
H248	H342
H249	H343
H250	H344
H251	H345
H252	H346
H253	H347
H254	H348
H255	H349
L1510	L1637
L1511	L1638
L1512	L1639
L1513	L1640
L1514	L1641
L1515	L1642
L1516	L1643
L1517	L1644
L1518	L1645
L1519	L1646
L1520	L1647
L1521	L1648
L1522	L1649
L1523	L1650
L1524	L1651
L1525	L1652
L1526	L1653
L1527	L1654
L1528	L1655
L1529	L1656
L1530	L1657
L1531	L1658
L1532	L1659
L1533	L1660
L1534	L1661
L1535	L1662
L1536	L1663
L1537	L1664
L1538	L1665
P145	P183
P146	P184
P147	P185
P148	P186
P149	P187
P150	P188
P151	P189
P152	P190
P153	P191
P154	P192
P155	P193
P156	P194
P157	P195
P158	P196
P159	P197
W129	W151
W130	W152
W131	W153
W132	W154
W133	W155
W134	W156
W135	W157
W136	W158
W137	W159
W138	W160
W139	W161
W140	W162
W141	W163
W142	W164
W143	W165
W144	W166
W145	W167
W146	W168
W147	W169
W148	W170
