iso	rss_kb	vsz_kb	nlwp	fds	db_fds	maps_ge56MB	rss_ge56MB_MB	maps_32_56MB	rss_32_56MB_MB	rss_top1_MB	maps_all
2026-09-15T23:26:23Z	713628	2673940	31	75	11	5	413	2	0	311	90
2026-09-15T23:26:43Z	713628	2673940	31	75	11	5	413	2	0	311	90
2026-09-15T23:27:03Z	713684	2673940	31	75	11	5	413	2	0	311	90
2026-09-15T23:27:23Z	713864	2673940	31	75	11	5	413	2	0	311	90
2026-09-15T23:27:43Z	713748	2673940	31	75	11	5	413	2	0	311	90
2026-09-15T23:28:03Z	713780	2747688	32	75	11	5	413	3	0	311	92
2026-09-15T23:28:23Z	1804	7536	1	3	0	0	0	0	0	0	5
2026-09-15T23:28:43Z	1804	7536	1	3	0	0	0	0	0	0	5
2026-09-15T23:29:03Z	1804	7536	1	3	0	0	0	0	0	0	5
2026-09-15T23:29:23Z	1804	7536	1	3	0	0	0	0	0	0	5
2026-09-15T23:29:43Z	1804	7536	1	3	0	0	0	0	0	0	5
2026-09-15T23:30:03Z	3892	7536	1	3	0	0	0	0	0	0	5
2026-09-15T23:30:23Z	3892	7536	1	3	0	0	0	0	0	0	5
2026-09-15T23:30:43Z	3892	7536	1	3	0	0	0	0	0	0	5
2026-09-15T23:31:03Z	3892	7536	1	3	0	0	0	0	0	0	5
2026-09-15T23:31:23Z	3892	7536	1	3	0	0	0	0	0	0	5
2026-09-15T23:31:43Z	3892	7536	1	3	0	0	0	0	0	0	5
2026-09-15T23:32:03Z	3892	7536	1	3	0	0	0	0	0	0	5
2026-09-15T23:32:23Z	3892	7536	1	3	0	0	0	0	0	0	5
2026-09-15T23:32:43Z	3892	7536	1	3	0	0	0	0	0	0	5
2026-09-15T23:33:03Z	3892	7536	1	3	0	0	0	0	0	0	5
2026-09-15T23:33:23Z	3892	7536	1	3	0	0	0	0	0	0	5
2026-09-15T23:33:43Z	3892	7536	1	3	0	0	0	0	0	0	5
2026-09-15T23:34:03Z	3892	7536	1	3	0	0	0	0	0	0	5
2026-09-15T23:34:24Z	3892	7536	1	3	0	0	0	0	0	0	5
2026-09-15T23:34:44Z	1772	7536	1	3	0	0	0	0	0	0	5
2026-09-15T23:35:04Z	1772	7536	1	3	0	0	0	0	0	0	5
2026-09-15T23:35:24Z	1772	7536	1	3	0	0	0	0	0	0	5
2026-09-15T23:35:44Z	1772	7536	1	3	0	0	0	0	0	0	5
2026-09-15T23:36:04Z	1772	7536	1	3	0	0	0	0	0	0	5
2026-09-15T23:36:24Z	1772	7536	1	3	0	0	0	0	0	0	5
2026-09-15T23:36:44Z	1772	7536	1	3	0	0	0	0	0	0	5
2026-09-15T23:37:04Z	1772	7536	1	3	0	0	0	0	0	0	5
2026-09-15T23:37:24Z	1772	7536	1	3	0	0	0	0	0	0	5
2026-09-15T23:37:44Z	1772	7536	1	3	0	0	0	0	0	0	5
2026-09-15T23:38:05Z	2888	7536	1	3	0	0	0	0	0	0	5
2026-09-15T23:38:25Z	206160	1051160	13	29	3	1	0	1	0	15	65
2026-09-15T23:38:45Z	616892	1826924	17	32	3	3	374	1	0	310	73
2026-09-15T23:39:05Z	686820	2154132	24	47	3	3	375	2	28	311	78
2026-09-15T23:39:25Z	810516	3162140	34	67	5	4	438	2	28	311	109
2026-09-15T23:39:45Z	823200	3166236	34	68	5	4	438	2	28	311	109
2026-09-15T23:40:05Z	828704	3170280	33	61	5	4	438	2	28	311	108
2026-09-15T23:40:25Z	1001508	3602064	66	138	42	6	440	4	106	313	120
2026-09-15T23:40:45Z	1262456	4211120	44	120	42	6	684	2	29	313	129
2026-09-15T23:41:05Z	1741388	4225960	44	127	42	6	1132	4	114	637	131
2026-09-15T23:41:26Z	1759880	4246640	42	112	42	6	1141	4	120	637	132
2026-09-15T23:41:46Z	1781228	4266448	42	112	42	6	1141	5	128	637	135
2026-09-15T23:42:06Z	1816096	4330608	43	114	42	6	1141	7	197	637	137
2026-09-15T23:42:26Z	1816104	4330608	43	115	42	6	1141	7	197	637	137
2026-09-15T23:42:46Z	1816104	4330608	43	115	42	6	1141	7	197	637	137
2026-09-15T23:43:06Z	1816108	4330608	43	117	42	6	1141	7	197	637	137
2026-09-15T23:43:26Z	1816108	4330608	43	116	42	6	1141	7	197	637	137
2026-09-15T23:43:46Z	1808416	4329552	43	120	42	7	1176	6	154	637	137
2026-09-15T23:44:06Z	1844296	4369180	44	125	42	7	1176	6	159	637	137
2026-09-15T23:44:26Z	1845840	4369428	44	124	42	7	1176	6	160	637	137
2026-09-15T23:44:46Z	1843156	4369428	44	113	42	7	1176	6	157	637	137
2026-09-15T23:45:06Z	1843784	4369428	44	116	42	7	1176	6	158	637	137
2026-09-15T23:45:26Z	1844920	4369428	44	117	42	7	1176	6	159	637	137
2026-09-15T23:45:46Z	1844920	4369428	44	116	42	7	1176	6	159	637	137
2026-09-15T23:46:06Z	1844992	4369428	44	121	42	7	1176	6	159	637	137
2026-09-15T23:46:26Z	1854344	4370452	44	123	42	7	1176	6	167	637	138
2026-09-15T23:46:46Z	1857420	4371476	44	123	42	7	1176	6	169	637	139
2026-09-15T23:47:07Z	1926892	4440944	44	125	42	8	1244	6	169	637	140
2026-09-15T23:47:27Z	1870428	4371476	44	126	42	7	1176	6	182	637	139
2026-09-15T23:47:47Z	1853576	4376728	44	112	42	7	1176	6	161	637	140
2026-09-15T23:48:07Z	1858220	4364416	44	118	42	7	1176	6	162	637	139
2026-09-15T23:48:27Z	1871000	4364416	44	118	42	7	1176	6	174	637	139
2026-09-15T23:48:47Z	1880692	4365440	45	120	42	7	1176	7	183	637	138
2026-09-15T23:49:07Z	1874076	4373620	44	114	42	7	1177	7	175	637	139
2026-09-15T23:49:27Z	1875740	4373620	44	119	42	7	1177	7	177	637	139
2026-09-15T23:49:47Z	1876128	4372596	44	114	42	7	1177	7	178	637	140
2026-09-15T23:50:07Z	1961372	4476812	44	117	42	8	1258	7	187	637	141
2026-09-15T23:50:27Z	1844260	4340652	44	117	42	7	1177	7	178	637	140
2026-09-15T23:50:47Z	1850512	4413360	45	121	42	7	1177	8	185	637	141
2026-09-15T23:51:07Z	1838248	4413360	45	122	42	7	1177	8	173	637	141
2026-09-15T23:51:27Z	1849060	4413360	45	116	42	7	1177	8	184	637	141
2026-09-15T23:51:47Z	1836840	4413492	45	115	42	7	1177	8	172	637	141
2026-09-15T23:52:07Z	1902624	4517708	45	116	42	8	1212	8	205	637	142
2026-09-15T23:52:28Z	1855432	4413492	45	116	42	7	1177	8	190	637	141
2026-09-15T23:52:48Z	1855432	4413492	45	118	42	7	1177	8	190	637	141
2026-09-15T23:53:08Z	1855432	4413492	45	119	42	7	1177	8	190	637	141
2026-09-15T23:53:28Z	1887740	4444116	45	122	42	7	1177	8	191	637	141
2026-09-15T23:53:48Z	1885480	4444116	45	115	42	7	1177	8	189	637	141
2026-09-15T23:54:08Z	1885480	4444116	45	117	42	7	1177	8	189	637	141
2026-09-15T23:54:28Z	1873232	4444116	45	116	42	7	1177	8	177	637	141
2026-09-15T23:54:48Z	1883860	4444116	45	117	42	7	1177	8	188	637	141
2026-09-15T23:55:08Z	1886200	4444116	45	118	42	7	1177	8	190	637	141
2026-09-15T23:55:28Z	1886200	4444116	45	120	42	7	1177	8	190	637	141
2026-09-15T23:55:48Z	1888588	4444908	45	122	42	7	1177	8	191	637	141
2026-09-15T23:56:08Z	1888588	4444908	45	123	42	7	1177	8	191	637	141
2026-09-15T23:56:28Z	1886860	4453104	46	117	42	7	1177	8	190	637	141
2026-09-15T23:56:48Z	1886924	4453104	46	119	42	7	1177	8	189	637	141
2026-09-15T23:57:08Z	1886944	4453104	46	120	42	7	1177	8	189	637	141
2026-09-15T23:57:28Z	1886592	4453104	46	120	42	7	1177	8	189	637	141
2026-09-15T23:57:49Z	1886616	4461300	47	124	42	7	1177	8	189	637	141
2026-09-15T23:58:09Z	1886676	4461384	50	137	42	7	1177	8	189	637	143
2026-09-15T23:58:29Z	1886676	4461384	48	135	42	7	1177	8	189	637	143
2026-09-15T23:58:49Z	1902620	4472652	48	129	42	7	1177	8	201	637	145
2026-09-15T23:59:09Z	1860240	4442060	46	120	42	8	1179	7	189	637	143
2026-09-15T23:59:29Z	1880080	4442044	45	125	42	8	1196	7	191	637	143
2026-09-15T23:59:49Z	1883748	4442044	45	128	42	8	1200	7	191	637	143
2026-09-16T00:00:09Z	1896280	4447544	46	117	42	8	1200	7	191	637	143
2026-09-16T00:00:29Z	1896460	4447576	48	119	42	8	1200	7	191	637	145
2026-09-16T00:00:49Z	1896460	4447576	48	119	42	8	1200	7	191	637	145
2026-09-16T00:01:14Z	1896476	4455788	49	119	42	8	1200	7	191	637	145
2026-09-16T00:01:44Z	1896520	4464000	50	119	42	8	1200	8	191	637	145
2026-09-16T00:02:04Z	1896876	4472212	51	118	42	8	1200	8	191	637	145
2026-09-16T00:02:26Z	1900568	4493788	53	120	42	9	1200	7	191	637	145
2026-09-16T00:02:46Z	1901224	4502000	54	121	42	9	1200	7	191	637	145
2026-09-16T00:03:27Z	1901272	4510244	55	122	42	9	1200	7	191	637	145
2026-09-16T00:03:57Z	1902880	4526668	57	133	42	9	1200	7	191	637	146
2026-09-16T00:04:17Z	1876192	4548832	58	136	42	9	1192	7	176	637	146
2026-09-16T00:04:37Z	1876168	4548832	58	137	42	9	1192	7	176	637	146
2026-09-16T00:04:57Z	1875836	4446200	45	130	42	8	1192	7	176	637	147
2026-09-16T00:05:27Z	1903116	4467104	46	129	42	8	1192	7	176	637	147
2026-09-16T00:05:47Z	1903092	4467072	46	127	42	8	1192	7	176	637	147
2026-09-16T00:06:07Z	1933912	4479260	45	130	42	8	1192	7	176	637	146
2026-09-16T00:06:27Z	1928200	4480480	46	131	42	8	1178	8	208	637	146
2026-09-16T00:06:47Z	1929484	4480480	46	131	42	8	1178	8	208	637	146
2026-09-16T00:07:18Z	1954768	4493912	46	124	42	9	1217	7	176	637	147
2026-09-16T00:07:38Z	1954768	4493912	46	122	42	9	1217	7	176	637	147
2026-09-16T00:07:59Z	1954800	4493944	46	127	42	9	1217	7	176	637	147
2026-09-16T00:08:19Z	1954768	4493912	46	120	42	9	1217	7	176	637	147
2026-09-16T00:08:39Z	2029744	4498080	45	120	42	9	1228	8	243	637	146
2026-09-16T00:09:02Z	2029952	4498096	46	120	42	9	1228	8	244	637	146
2026-09-16T00:09:22Z	2030048	4498128	44	125	42	9	1228	8	244	637	146
2026-09-16T00:10:03Z	2034376	4498212	47	137	42	9	1228	8	244	637	149
2026-09-16T00:10:25Z	2041940	4516396	47	170	42	10	1243	7	211	637	149
2026-09-16T00:10:46Z	2073020	4521580	45	170	42	10	1265	7	211	637	151
2026-09-16T00:11:06Z	2073020	4521580	45	168	42	10	1265	7	211	637	151
2026-09-16T00:11:40Z	2212000	4723804	49	171	42	12	1429	7	186	682	149
2026-09-16T00:12:00Z	2113064	4560604	44	171	42	11	1294	8	211	637	154
2026-09-16T00:12:20Z	2113064	4560604	44	171	42	11	1294	8	211	637	154
2026-09-16T00:12:41Z	2140932	4542124	42	118	42	11	1320	7	211	637	155
2026-09-16T00:13:01Z	2139944	4532956	43	126	42	11	1320	7	211	637	153
2026-09-16T00:13:21Z	2139948	4532972	44	128	42	11	1320	7	211	637	154
2026-09-16T00:13:41Z	2135584	4531864	41	117	42	11	1317	7	211	637	151
2026-09-16T00:14:01Z	2143228	4531880	42	117	42	11	1325	7	211	637	151
2026-09-16T00:14:24Z	2167208	4528808	42	128	42	11	1351	7	211	637	152
2026-09-16T00:14:44Z	2167176	4528840	42	129	42	11	1351	7	211	637	152
2026-09-16T00:15:14Z	2145684	4528808	42	126	42	11	1330	7	211	637	151
2026-09-16T00:15:34Z	2145688	4528824	43	125	42	11	1330	7	211	637	152
2026-09-16T00:15:54Z	2122484	4526728	40	131	42	11	1310	7	211	637	150
2026-09-16T00:16:14Z	2141148	4534940	43	135	42	11	1328	7	211	637	150
2026-09-16T00:16:34Z	2141148	4534940	43	135	42	11	1328	7	211	637	150
2026-09-16T00:16:54Z	2141876	4534940	43	119	42	11	1328	7	211	637	150
2026-09-16T00:17:14Z	2141876	4534940	43	120	42	11	1328	7	211	637	150
2026-09-16T00:17:34Z	2141876	4534940	43	120	42	11	1328	7	211	637	150
2026-09-16T00:18:02Z	2141876	4534940	43	121	42	11	1328	7	211	637	150
2026-09-16T00:18:22Z	60276	74672	2	14	0	0	0	0	0	4	23
2026-09-16T00:18:42Z	112080	351632	5	17	1	1	0	1	0	10	37
2026-09-16T00:19:02Z	118068	357812	5	18	1	1	0	1	0	10	40
2026-09-16T00:19:22Z	127388	367272	5	18	1	1	0	1	0	10	40
2026-09-16T00:19:42Z	198920	437860	5	20	2	2	65	1	0	65	40
2026-09-16T00:20:02Z	179716	489176	6	22	2	1	0	1	0	12	53
2026-09-16T00:20:22Z	624168	1900204	18	34	3	3	375	1	0	311	80
2026-09-16T00:20:42Z	624184	1900204	17	34	3	3	375	1	0	311	80
2026-09-16T00:21:02Z	684580	2285272	24	49	3	3	375	3	28	311	89
2026-09-16T00:21:22Z	688528	2286960	25	49	3	3	375	3	28	311	90
2026-09-16T00:21:42Z	694268	2293104	25	49	3	3	375	3	28	311	86
2026-09-16T00:22:02Z	694268	2293104	25	49	3	3	375	3	28	311	86
2026-09-16T00:22:22Z	705416	2300272	25	51	3	3	375	3	28	311	89
2026-09-16T00:22:43Z	779736	2756992	32	53	3	3	375	4	67	311	101
2026-09-16T00:23:03Z	827608	3273276	37	58	4	4	439	3	28	311	117
2026-09-16T00:23:23Z	1456064	4165504	46	73	4	5	1051	3	28	611	119
2026-09-16T00:23:43Z	1580276	4179860	46	79	4	5	1115	4	69	675	122
2026-09-16T00:24:03Z	1583268	4183176	45	80	4	5	1115	4	69	675	122
2026-09-16T00:24:23Z	1587764	4207812	48	85	4	5	1115	4	69	675	124
2026-09-16T00:24:43Z	1588708	4216024	49	91	7	5	1115	4	69	675	124
2026-09-16T00:25:03Z	1609248	4240628	50	101	8	5	1115	5	69	675	125
2026-09-16T00:25:23Z	1707276	4283552	46	104	8	6	1183	5	69	679	126
2026-09-16T00:25:46Z	1755836	4278308	46	83	8	6	1201	5	69	697	133
2026-09-16T00:26:06Z	1767228	4266228	46	94	9	6	1201	5	83	697	135
2026-09-16T00:26:26Z	1766964	4265204	46	95	9	6	1201	5	83	697	134
2026-09-16T00:26:46Z	1793624	4296012	46	98	10	6	1201	5	88	697	130
2026-09-16T00:27:06Z	1795480	4294988	46	95	10	6	1201	5	89	697	130
2026-09-16T00:27:26Z	1833484	4483684	62	117	25	6	1201	7	90	697	136
2026-09-16T00:27:46Z	2127068	4749048	63	128	28	8	1372	9	149	697	142
2026-09-16T00:28:06Z	1942900	4528928	63	131	30	7	1263	8	94	697	147
2026-09-16T00:28:26Z	2054528	4667520	63	136	31	9	1384	8	94	697	148
2026-09-16T00:28:46Z	1996988	4583804	63	136	31	7	1263	9	149	697	148
2026-09-16T00:29:06Z	1916588	4499900	63	135	31	7	1263	8	94	697	147
2026-09-16T00:29:26Z	1916620	4499932	63	139	31	7	1263	8	94	697	147
2026-09-16T00:29:59Z	1933692	4531168	47	110	31	7	1263	9	122	697	150
2026-09-16T00:30:20Z	2003816	4627840	46	109	31	7	1263	9	143	697	141
2026-09-16T00:30:40Z	2002828	4626816	46	108	31	7	1263	9	143	697	141
2026-09-16T00:31:00Z	1999972	4623776	46	115	31	7	1263	9	143	697	144
2026-09-16T00:31:20Z	1999972	4623776	46	115	31	7	1263	9	143	697	144
2026-09-16T00:31:40Z	1999972	4623776	46	115	31	7	1263	9	143	697	144
2026-09-16T00:32:10Z	2029608	4629736	46	112	31	7	1263	8	98	697	145
2026-09-16T00:32:30Z	2029608	4629736	46	113	31	7	1263	8	98	697	145
2026-09-16T00:32:50Z	2029612	4629736	46	113	31	7	1263	8	98	697	145
2026-09-16T00:33:10Z	2029612	4629736	46	112	31	7	1263	8	98	697	145
2026-09-16T00:33:30Z	2195808	4826344	46	113	31	9	1393	9	138	697	151
2026-09-16T00:33:50Z	2196148	4826344	46	107	31	9	1393	9	138	697	151
2026-09-16T00:34:11Z	2665196	7163716	46	106	31	10	1863	9	138	697	152
2026-09-16T00:34:31Z	8995432	16521384	46	106	31	11	8092	9	138	4404	153
2026-09-16T00:34:51Z	688	9536	1	3	0	0	0	0	0	0	5
2026-09-16T00:35:11Z	74564	90208	2	14	0	0	0	0	0	7	25
2026-09-16T00:35:31Z	111116	351676	5	17	1	1	0	1	0	8	37
