iso	rss_mb	nlwp	db_fds	fd_total	map_top_mb
2026-09-15T23:52:42Z	1811	45	47	118	637
2026-09-15T23:53:43Z	1841	45	46	115	637
2026-09-15T23:54:44Z	1839	45	47	117	637
2026-09-15T23:55:45Z	1842	45	49	123	637
2026-09-15T23:56:45Z	1842	46	47	119	637
2026-09-15T23:57:46Z	1830	47	48	123	637
2026-09-15T23:58:47Z	1858	48	49	129	637
2026-09-15T23:59:48Z	1817	45	52	127	637
2026-09-16T00:00:48Z	1852	48	46	119	637
2026-09-16T00:01:55Z	1852	51	46	120	637
2026-09-16T00:02:55Z	1856	54	46	121	637
2026-09-16T00:03:56Z	1858	57	58	133	637
2026-09-16T00:04:57Z	1831	45	47	130	637
2026-09-16T00:05:57Z	1858	45	49	130	637
2026-09-16T00:06:58Z	1884	47	50	125	637
2026-09-16T00:07:59Z	1908	46	49	127	637
2026-09-16T00:09:00Z	1982	46	49	120	637
2026-09-16T00:10:01Z	1986	47	51	136	637
2026-09-16T00:11:01Z	2024	45	51	168	637
2026-09-16T00:12:02Z	2063	44	51	171	637
2026-09-16T00:13:03Z	2089	43	51	126	637
2026-09-16T00:14:04Z	2092	42	51	117	637
2026-09-16T00:15:04Z	2095	43	52	125	637
2026-09-16T00:16:05Z	2090	42	56	134	637
2026-09-16T00:17:06Z	2091	43	51	120	637
2026-09-16T00:18:07Z	2091	43	51	121	637
2026-09-16T00:19:07Z	118	5	3	18	33
2026-09-16T00:20:08Z	194	6	7	24	44
2026-09-16T00:21:09Z	669	25	7	49	311
2026-09-16T00:22:09Z	678	25	7	53	311
2026-09-16T00:23:10Z	808	36	8	58	311
2026-09-16T00:24:11Z	1549	45	8	81	675
2026-09-16T00:25:12Z	1576	46	16	102	675
2026-09-16T00:26:12Z	1725	46	19	94	697
2026-09-16T00:27:13Z	1772	44	19	85	697
2026-09-16T00:28:14Z	1951	63	62	132	697
2026-09-16T00:29:15Z	1871	63	61	136	697
2026-09-16T00:30:16Z	1956	46	40	109	697
2026-09-16T00:31:17Z	1953	46	40	116	697
2026-09-16T00:32:51Z	1982	46	40	113	697
2026-09-16T00:33:52Z	2144	46	38	111	697
2026-09-16T00:34:54Z	10	1	0	3	1
2026-09-16T00:35:55Z	108	5	3	17	29
2026-09-16T00:36:55Z	108	5	3	17	29
2026-09-16T00:37:56Z	119	5	4	18	30
2026-09-16T00:38:56Z	256	13	7	32	38
2026-09-16T00:39:57Z	762	38	8	59	309
2026-09-16T00:40:57Z	1184	44	8	72	391
2026-09-16T00:41:58Z	1444	44	8	73	630
2026-09-16T00:42:59Z	1457	44	8	75	638
2026-09-16T00:44:00Z	1480	44	7	88	638
2026-09-16T00:45:00Z	1485	45	8	89	638
2026-09-16T00:46:01Z	1667	46	8	76	640
2026-09-16T00:47:02Z	1694	48	8	77	640
2026-09-16T00:48:02Z	1693	50	8	78	640
2026-09-16T00:49:03Z	1696	53	8	79	640
2026-09-16T00:50:04Z	1695	57	8	82	640
2026-09-16T00:51:05Z	1708	59	8	81	640
2026-09-16T00:52:06Z	1708	61	8	82	640
2026-09-16T00:53:06Z	1707	63	8	82	640
2026-09-16T00:54:07Z	1722	67	8	85	640
2026-09-16T00:55:08Z	1722	68	8	86	640
2026-09-16T00:56:08Z	1722	68	8	86	640
2026-09-16T00:57:09Z	1722	68	8	86	640
2026-09-16T00:58:10Z	1818	68	49	129	640
2026-09-16T00:59:11Z	1521	43	7	77	640
2026-09-16T01:00:12Z	1588	44	9	84	640
2026-09-16T01:01:12Z	1597	43	8	84	640
2026-09-16T01:02:13Z	1593	43	8	85	640
2026-09-16T01:03:14Z	1594	43	8	86	640
2026-09-16T01:04:15Z	1624	45	9	82	640
2026-09-16T01:05:15Z	1704	45	10	92	640
2026-09-16T01:06:16Z	1744	46	14	103	677
2026-09-16T01:07:17Z	1766	46	14	99	639
2026-09-16T01:09:07Z	1807	47	19	86	646
2026-09-16T01:10:08Z	1837	46	16	81	654
2026-09-16T01:11:09Z	1869	47	17	83	677
2026-09-16T01:12:09Z	1891	46	17	87	677
2026-09-16T01:13:10Z	2005	47	18	85	677
2026-09-16T01:14:11Z	1978	45	19	88	679
2026-09-16T01:15:12Z	2073	45	20	96	679
2026-09-16T01:16:13Z	2073	46	20	97	679
2026-09-16T01:17:14Z	2117	77	82	156	686
2026-09-16T01:18:14Z	2117	77	82	158	686
2026-09-16T01:19:16Z	2446	75	88	163	693
2026-09-16T01:20:17Z	2381	77	89	167	693
2026-09-16T01:21:18Z	3359	79	89	169	920
2026-09-16T01:22:18Z	440	13	7	35	181
2026-09-16T01:23:19Z	1519	45	9	73	637
2026-09-16T01:24:20Z	1519	46	9	73	637
2026-09-16T01:25:21Z	1540	47	9	73	637
2026-09-16T01:26:22Z	1541	48	9	74	637
2026-09-16T01:27:22Z	1541	49	9	75	637
2026-09-16T01:28:23Z	1703	44	16	80	679
2026-09-16T01:29:24Z	1713	44	17	96	679
2026-09-16T01:30:25Z	1809	45	18	87	679
2026-09-16T01:31:25Z	1839	43	19	90	679
2026-09-16T01:32:27Z	2061	76	87	162	693
2026-09-16T01:33:28Z	2042	76	98	188	693
2026-09-16T01:34:30Z	GONE	-	-	-	-
2026-09-16T01:35:31Z	1474	42	8	70	675
2026-09-16T01:36:32Z	1575	42	11	87	638
2026-09-16T01:37:32Z	1634	42	12	87	643
2026-09-16T01:38:34Z	1906	73	83	155	643
2026-09-16T01:39:35Z	1961	41	51	114	643
2026-09-16T01:40:35Z	1929	42	51	120	676
2026-09-16T01:41:36Z	1929	42	50	120	676
2026-09-16T01:42:37Z	1929	42	50	122	676
2026-09-16T01:43:38Z	1931	42	50	123	677
2026-09-16T01:44:39Z	1932	42	49	124	677
2026-09-16T01:45:40Z	1933	42	49	126	677
2026-09-16T01:46:41Z	2055	46	51	121	677
2026-09-16T01:47:42Z	1996	45	50	119	677
2026-09-16T01:48:43Z	2036	45	50	119	677
2026-09-16T01:49:44Z	2036	45	51	120	677
2026-09-16T01:50:44Z	2039	46	52	129	677
2026-09-16T01:51:45Z	2043	46	50	118	677
2026-09-16T01:52:46Z	2043	45	51	129	677
2026-09-16T01:53:47Z	2044	45	49	119	679
2026-09-16T01:54:48Z	2044	45	51	124	679
2026-09-16T01:55:49Z	2045	43	49	117	679
2026-09-16T01:56:50Z	2049	43	52	128	679
2026-09-16T01:57:51Z	2049	43	50	118	679
2026-09-16T01:58:51Z	2049	44	53	124	679
2026-09-16T01:59:52Z	2049	43	51	119	679
2026-09-16T02:00:53Z	2049	43	53	127	679
2026-09-16T02:01:54Z	2119	46	52	128	679
2026-09-16T02:02:55Z	2119	43	52	124	679
2026-09-16T02:03:56Z	2119	43	50	117	679
2026-09-16T02:04:57Z	2118	43	51	120	679
2026-09-16T02:05:58Z	2119	41	51	118	679
2026-09-16T02:06:58Z	2178	42	51	116	679
2026-09-16T02:07:59Z	2178	41	52	122	679
2026-09-16T02:09:00Z	2178	41	50	121	679
2026-09-16T02:10:01Z	2178	41	52	129	679
2026-09-16T02:11:02Z	2313	41	50	115	814
2026-09-16T02:12:02Z	2178	41	51	118	746
2026-09-16T02:13:04Z	2182	44	52	126	679
2026-09-16T02:14:04Z	2197	41	52	119	679
2026-09-16T02:15:05Z	2197	41	54	124	679
2026-09-16T02:16:06Z	2196	41	52	122	679
2026-09-16T02:17:07Z	2233	42	53	126	679
2026-09-16T02:18:08Z	2274	73	86	166	679
2026-09-16T02:19:09Z	2537	73	99	177	679
2026-09-16T02:20:10Z	4571	73	95	170	2175
2026-09-16T02:21:11Z	1455	43	6	68	629
2026-09-16T02:22:12Z	1641	44	11	91	654
2026-09-16T02:23:13Z	1773	76	81	150	655
2026-09-16T02:24:14Z	2006	44	62	146	676
2026-09-16T02:25:15Z	2009	44	54	118	678
2026-09-16T02:26:16Z	2022	45	56	124	678
2026-09-16T02:27:17Z	2031	46	55	122	678
2026-09-16T02:28:18Z	2048	47	58	127	678
2026-09-16T02:29:19Z	2056	45	60	131	678
2026-09-16T02:30:20Z	2090	45	56	132	678
2026-09-16T02:31:21Z	2091	45	61	148	678
2026-09-16T02:32:22Z	2222	43	63	132	678
2026-09-16T02:33:23Z	2227	42	55	122	678
2026-09-16T02:34:24Z	2233	44	60	132	678
2026-09-16T02:35:25Z	2228	45	57	123	678
2026-09-16T02:36:26Z	2295	45	58	126	678
2026-09-16T02:37:27Z	2290	43	56	123	678
2026-09-16T02:38:28Z	2323	44	60	132	678
2026-09-16T02:39:29Z	2337	47	55	127	678
2026-09-16T02:40:30Z	2449	45	64	135	678
2026-09-16T02:41:31Z	2387	43	58	121	678
2026-09-16T02:42:32Z	2450	43	59	126	678
2026-09-16T02:43:33Z	2534	42	58	122	678
2026-09-16T02:44:34Z	2468	42	58	130	678
2026-09-16T02:45:35Z	2470	42	60	124	678
2026-09-16T02:46:36Z	2438	74	87	158	678
2026-09-16T02:47:37Z	3565	74	89	166	678
2026-09-16T02:48:38Z	3571	42	58	138	678
2026-09-16T02:49:39Z	3611	42	58	141	678
2026-09-16T02:50:40Z	3612	43	55	129	678
2026-09-16T02:51:41Z	3615	40	57	122	678
2026-09-16T02:52:41Z	3634	39	54	118	678
