alias_id	kind	canonical_id	reason	date
D185	decisions	D201	id collided across machines with different content; origin keeps D185	2026-09-15	-	-	-
D186	decisions	D202	id collided across machines with different content; origin keeps D186	2026-09-15	-	-	-
H322	handoff	H367	id collided across machines with different content; origin keeps H322	2026-09-15	-	-	-
H323	handoff	H368	id collided across machines with different content; origin keeps H323	2026-09-15	-	-	-
H324	handoff	H369	id collided across machines with different content; origin keeps H324	2026-09-15	-	-	-
H325	handoff	H370	id collided across machines with different content; origin keeps H325	2026-09-15	-	-	-
H326	handoff	H371	id collided across machines with different content; origin keeps H326	2026-09-15	-	-	-
H327	handoff	H372	id collided across machines with different content; origin keeps H327	2026-09-15	-	-	-
H328	handoff	H373	id collided across machines with different content; origin keeps H328	2026-09-15	-	-	-
L1637	lessons	L1686	id collided across machines with different content; origin keeps L1637	2026-09-15	-	-	-
L1638	lessons	L1687	id collided across machines with different content; origin keeps L1638	2026-09-15	-	-	-
L1639	lessons	L1688	id collided across machines with different content; origin keeps L1639	2026-09-15	-	-	-
W149	wins	W174	id collided across machines with different content; origin keeps W149	2026-09-15	-	-	-
W150	wins	W175	id collided across machines with different content; origin keeps W150	2026-09-15	-	-	-
D201	decisions	D207	cross-machine id collision: two machines allocated the same id; renamed on merge	2026-09-16
D202	decisions	D208	cross-machine id collision: two machines allocated the same id; renamed on merge	2026-09-16
H367	handoff	H378	cross-machine id collision: two machines allocated the same id; renamed on merge	2026-09-16
H368	handoff	H379	cross-machine id collision: two machines allocated the same id; renamed on merge	2026-09-16
H369	handoff	H380	cross-machine id collision: two machines allocated the same id; renamed on merge	2026-09-16
H370	handoff	H381	cross-machine id collision: two machines allocated the same id; renamed on merge	2026-09-16
H371	handoff	H382	cross-machine id collision: two machines allocated the same id; renamed on merge	2026-09-16
H372	handoff	H383	cross-machine id collision: two machines allocated the same id; renamed on merge	2026-09-16
H373	handoff	H384	cross-machine id collision: two machines allocated the same id; renamed on merge	2026-09-16
H374	handoff	H385	cross-machine id collision: two machines allocated the same id; renamed on merge	2026-09-16
H375	handoff	H386	cross-machine id collision: two machines allocated the same id; renamed on merge	2026-09-16
L1686	lessons	L1720	cross-machine id collision: two machines allocated the same id; renamed on merge	2026-09-16
L1687	lessons	L1721	cross-machine id collision: two machines allocated the same id; renamed on merge	2026-09-16
L1688	lessons	L1722	cross-machine id collision: two machines allocated the same id; renamed on merge	2026-09-16
L1689	lessons	L1723	cross-machine id collision: two machines allocated the same id; renamed on merge	2026-09-16
L1690	lessons	L1724	cross-machine id collision: two machines allocated the same id; renamed on merge	2026-09-16
W174	wins	W177	cross-machine id collision: two machines allocated the same id; renamed on merge	2026-09-16
W175	wins	W178	cross-machine id collision: two machines allocated the same id; renamed on merge	2026-09-16
