handoff	H367	367		2026-09-16 01:53 UTC	ZABZ-YOGA	open	## 2026-09-16 01:53 UTC · ZABZ-YOGA · Six footer-hash mismatches corrected to 0 errors; the append path's body round trip is the cause and L221/L223 already recorded it; journal bodies no longer routed through PowerShell	entries/handoff/H367.md	1	51	0d8229194df55ec9
handoff	H368	368		2026-09-16 01:58 UTC	ZABZ-YOGA	open	## 2026-09-16 01:58 UTC · ZABZ-YOGA · unified-search: 8 adapters built, 7 on main, 459 tests green; the chat corpus parse is running	entries/handoff/H368.md	1	73	d8dd7c9ed6219803
handoff	H369	369		2026-09-16 01:59 UTC	ZABZ-YOGA	open	## 2026-09-16 01:59 UTC · ZABZ-YOGA · ZABZ-YOGA sluggish: not throttling, a live audit fleet plus paging (2026-09-15 21:30)	entries/handoff/H369.md	1	47	cfd7324cb67b8f5e
handoff	H370	370		2026-09-16 02:57 UTC	ZABZ-YOGA	open	## 2026-09-16 02:57 UTC · ZABZ-YOGA · S5 Dialpad users slice closed: PWH read, no Yisroel user, Bachrach rings first and rings on Wednesday	entries/handoff/H370.md	1	29	ccaef134f7013e51
handoff	H371	371		2026-09-16 03:20 UTC	ZABZ-YOGA	open	## 2026-09-16 03:20 UTC · ZABZ-YOGA · S10 Dialpad slice: webhooks are 401-ing (secret mismatch), SMS double-delivered to a second company, and plan/seats only readable via the internal API	entries/handoff/H371.md	1	31	913d907d30caa2ed
handoff	H372	372		2026-09-16 03:21 UTC	ZABZ-YOGA	open	## 2026-09-16 03:21 UTC · ZABZ-YOGA · Dialpad is mapped: three access paths, the workflow endpoint, and the media library - plus two live defects	entries/handoff/H372.md	1	68	cb50d04104c3c554
handoff	H373	373		2026-09-16 14:22 UTC	ZABZ-YOGA	open	## 2026-09-16 14:22 UTC · ZABZ-YOGA · DSH scale program: locks + MCP waste fixed and verified; four audits in flight (2026-09-16)	entries/handoff/H373.md	1	60	cc3c3d0e82ee0157
handoff	H374	374		2026-09-16 14:29 UTC	ZABZ-YOGA	open	## 2026-09-16 14:29 UTC · ZABZ-YOGA · Round 2: append 10.4s -> 2.5s, window ratchet fixed, reaper scheduled; push and ZABZ-TECH blocked on broken Tailscale	entries/handoff/H374.md	1	51	001923e1e30772e7
handoff	H375	375		2026-09-16 14:40 UTC	ZABZ-YOGA	open	## 2026-09-16 14:40 UTC · ZABZ-YOGA · Round 5: session-shape cost rule + sync now installs client plugins + measured fleet budgets published; plugin-health in flight; Tailscale still down	entries/handoff/H375.md	1	67	5406911f651e49b6
handoff	H376	376		2026-09-16 14:44 UTC	ZABZ-YOGA	open	## 2026-09-16 14:44 UTC · ZABZ-YOGA · Rounds 6-7: harness-verify.ps1 green 9/9 (commit 36-39GB -> 21.8GB, faults 2400/s -> 18/s) and the whole program's evidence moved into docs/dsh-at-scale; Tailscale still down	entries/handoff/H376.md	1	59	92ca2dcb88997e0a
handoff	H377	377		2026-09-16 14:49 UTC	ZABZ-YOGA	open	## 2026-09-16 14:49 UTC · ZABZ-YOGA · ZABZ-TECH measured at last (44.5GB commit, 46 MCP procs, no fixes deployed) - and the integration is blocked on 19 id-collision conflicts that must be resolved with aliases, not by dropping a side	entries/handoff/H377.md	1	53	87f94408eae48beb
